{
  "train": {
    "tp": 372,
    "tn": 1192,
    "fp": 14,
    "fn": 30,
    "accuracy": 0.972636815920398,
    "precision": 0.9637305699481865,
    "recall": 0.9253731343283582,
    "f1": 0.9441624365482234,
    "threshold": 0.75
  },
  "validation": {
    "tp": 58,
    "tn": 391,
    "fp": 11,
    "fn": 10,
    "accuracy": 0.9553191489361702,
    "precision": 0.8405797101449275,
    "recall": 0.8529411764705882,
    "f1": 0.8467153284671534,
    "threshold": 0.75
  }
}